Server ID,Sponsor,Server Name,Timestamp,Distance,Ping,Download,Upload
21271,Play,Warszawa,2019-04-26T10:04:41.351691,0.6075356270251393,78.587,9040777.652118566,3553352.0911960835
4166,Orange Polska S.A.,Warsaw,2019-04-26T18:06:55.246683,2.051125829084017,76.333,11059336.698034827,3130983.955837504
5134,NETIA S.A.,Warsaw,2019-04-26T19:01:00.519633,2.157933322624984,43.017,12791522.325405747,3711332.0597000015
4166,Orange Polska S.A.,Warsaw,2019-04-26T20:01:42.923403,2.0495705878425583,36.32,11880595.012929881,418204.3105198053
5134,NETIA S.A.,Warsaw,2019-04-26T21:02:01.341642,2.0495705878425583,43.812,0.0,77667.37296869651
Cannot retrieve speedtest configuration
5134,NETIA S.A.,Warsaw,2019-04-26T23:03:11.809146,1.7976813490377563,37.57,13046592.622935524,3700578.73191772
Cannot retrieve speedtest configuration
Cannot retrieve speedtest configuration
Cannot retrieve speedtest configuration
Cannot retrieve speedtest configuration
Cannot retrieve speedtest configuration
Cannot retrieve speedtest configuration
5134,NETIA S.A.,Warsaw,2019-04-27T07:03:21.035070,2.0495705878425583,41.421,10861167.978696296,3744433.225068877
Cannot retrieve speedtest configuration
5134,NETIA S.A.,Warsaw,2019-04-27T09:03:06.475190,2.0495705878425583,34.743,11490175.18349447,3696887.7553395634
5134,NETIA S.A.,Warsaw,2019-04-27T10:03:06.388995,1.7976813490377563,83.043,7971627.710404023,2745353.2675407846
5134,NETIA S.A.,Warsaw,2019-04-27T11:03:12.248278,2.0495705878425583,48.853,10593872.606215851,3744449.8822147558
5134,NETIA S.A.,Warsaw,2019-04-27T12:03:03.694602,1.7976813490377563,38.562,8207055.48312878,3713539.1275673327
5134,NETIA S.A.,Warsaw,2019-04-27T13:03:04.295016,1.7976813490377563,46.068,9966227.3813819,3733059.2201642822
5134,NETIA S.A.,Warsaw,2019-04-27T14:03:04.459546,2.051125829084017,51.875,9521816.382830862,2815352.2731071096
5134,NETIA S.A.,Warsaw,2019-04-27T15:03:02.609755,2.0495705878425583,55.518,6651198.947470191,3729907.049166936
5134,NETIA S.A.,Warsaw,2019-04-27T16:02:44.676710,2.051125829084017,53.076,8395926.357959185,3734330.7443880397
21271,Play,Warszawa,2019-04-27T17:02:49.388446,1.9582021294304137,64.251,10050157.039972039,3701371.3432467403
5134,NETIA S.A.,Warsaw,2019-04-27T17:46:44.965340,2.051125829084017,57.585,10868344.367817372,3755904.429754629
21271,Play,Warszawa,2019-04-27T17:51:44.587710,1.9582021294304137,55.128,9339982.531267243,3691804.543934814
5134,NETIA S.A.,Warsaw,2019-04-27T17:54:51.564991,2.051125829084017,61.372,10757635.75277393,3680970.5365436976
5134,NETIA S.A.,Warsaw,2019-04-27T18:02:08.008003,2.051125829084017,58.098,5418734.972285063,3422993.6580400695
5134,NETIA S.A.,Warsaw,2019-04-27T19:02:07.510827,2.0495705878425583,71.392,2442053.2977060853,2836731.850993236
5134,NETIA S.A.,Warsaw,2019-04-27T19:15:57.076738,2.0495705878425583,68.047,3907793.967712847,2792335.22729749
5134,NETIA S.A.,Warsaw,2019-04-27T19:19:11.832134,2.0495705878425583,53.692,5697073.3077785615,3815581.902011248
5134,NETIA S.A.,Warsaw,2019-04-27T20:02:09.655848,2.0495705878425583,60.811,5266663.432230044,2843188.1844441504
5134,NETIA S.A.,Warsaw,2019-04-27T21:02:11.227220,2.051125829084017,66.393,11992970.79508242,3456686.206027755
5134,NETIA S.A.,Warsaw,2019-04-27T22:01:58.170682,2.0495705878425583,64.843,10953257.002281489,3722620.091722933
338,Skynet DC,Warsaw,2019-04-27T23:02:03.570947,2.051125829084017,86.525,11521501.69179838,3669203.2284759195
5134,NETIA S.A.,Warsaw,2019-04-28T00:01:58.323586,2.051125829084017,62.339,11944784.942732004,3757396.0999400183
5134,NETIA S.A.,Warsaw,2019-04-28T01:02:06.219197,2.051125829084017,60.014,12294932.182306092,4082765.4643348185
5134,NETIA S.A.,Warsaw,2019-04-28T02:02:04.649870,2.051125829084017,66.55,11214653.941635923,3605919.2622095007
5134,NETIA S.A.,Warsaw,2019-04-28T03:02:05.546562,2.051125829084017,62.812,8217913.294311418,3546936.8130269293
5134,NETIA S.A.,Warsaw,2019-04-28T04:02:08.688338,2.0495705878425583,65.441,8945295.065055314,3627107.451863348
5134,NETIA S.A.,Warsaw,2019-04-28T05:02:02.843603,2.0495705878425583,61.787,12095029.569357067,3908905.0867391354
5134,NETIA S.A.,Warsaw,2019-04-28T06:02:13.423576,2.051125829084017,56.396,12242567.279242035,3766405.2800230198
5134,NETIA S.A.,Warsaw,2019-04-28T07:02:03.800372,2.0495705878425583,56.368,11728999.398953509,3226277.5185552095
5134,NETIA S.A.,Warsaw,2019-04-28T08:02:01.293637,2.0495705878425583,66.497,8141287.629870287,3729571.7727352064
5134,NETIA S.A.,Warsaw,2019-04-28T09:02:09.864660,2.8024148240385895,59.714,8424461.451110415,3734986.576295328
5134,NETIA S.A.,Warsaw,2019-04-28T10:02:11.889676,4.639442724429602,57.993,9247895.66063745,2894252.5772836176
338,Skynet DC,Warsaw,2019-04-28T11:02:27.895784,2.0495705878425583,80.833,11444055.492037315,3713721.7049762607
5134,NETIA S.A.,Warsaw,2019-04-28T12:02:07.255324,2.051125829084017,83.089,10262216.023551706,335354.2954511652
5134,NETIA S.A.,Warsaw,2019-04-28T13:02:09.195077,2.051125829084017,64.688,10391758.08980297,3687141.685057679
5134,NETIA S.A.,Warsaw,2019-04-28T14:02:04.211565,2.0495705878425583,62.255,8369810.300536459,3428895.043711712
5134,NETIA S.A.,Warsaw,2019-04-28T15:02:10.416192,2.051125829084017,59.811,5736492.004848737,2818774.9058562014
5134,NETIA S.A.,Warsaw,2019-04-28T16:02:00.890809,2.051125829084017,66.313,4267968.882119627,3670014.840625366
5134,NETIA S.A.,Warsaw,2019-04-28T17:02:08.166365,2.0495705878425583,63.02,8971622.167949727,3712895.1936278003
5134,NETIA S.A.,Warsaw,2019-04-28T18:02:00.913618,2.0495705878425583,62.475,9877177.037527403,3658447.228177615
5134,NETIA S.A.,Warsaw,2019-04-28T19:02:10.437837,2.0495705878425583,64.717,4373538.157347542,3713250.9128715107
5134,NETIA S.A.,Warsaw,2019-04-28T20:01:58.595187,2.0495705878425583,68.055,7286901.769930289,3530004.0432899883
5134,NETIA S.A.,Warsaw,2019-04-28T21:01:59.873974,2.051125829084017,67.364,9876238.31033071,3600770.629716994
338,Skynet DC,Warsaw,2019-04-28T22:02:00.809478,2.051125829084017,86.498,12504468.47374528,306549.79372934654
5134,NETIA S.A.,Warsaw,2019-04-28T23:02:04.746675,2.051125829084017,54.713,12188990.667651607,3758761.3330104444
5134,NETIA S.A.,Warsaw,2019-04-29T00:02:01.497366,2.051125829084017,56.429,11668827.271784335,3515707.7540112957
5134,NETIA S.A.,Warsaw,2019-04-29T01:01:58.986027,2.051125829084017,54.623,11153961.869265167,3697185.245792652
5134,NETIA S.A.,Warsaw,2019-04-29T02:02:02.353688,3.0588633795817763,73.056,14372009.343026787,3556301.4347632388
14781,Powszechna Agencja Informacyjna S.A.,Warszawa,2019-04-29T03:02:33.497232,1.9582021294304137,73.416,9628274.666251237,3416925.824823381
4166,Orange Polska S.A.,Warsaw,2019-04-29T04:01:59.936267,2.051125829084017,69.68,9260720.9317725,3606176.9362120125
5134,NETIA S.A.,Warsaw,2019-04-29T05:02:09.622720,2.051125829084017,79.741,12719041.530508062,3721693.557532676
5134,NETIA S.A.,Warsaw,2019-04-29T06:02:11.492003,2.051125829084017,73.45,7813962.398572795,3163693.4133539395
5134,NETIA S.A.,Warsaw,2019-04-29T07:02:11.673544,2.0495705878425583,78.157,11522870.276109872,3700824.5763994358
5134,NETIA S.A.,Warsaw,2019-04-29T08:02:18.694232,2.051125829084017,76.237,10352713.264275743,3667910.1215601615
14781,Powszechna Agencja Informacyjna S.A.,Warszawa,2019-04-29T09:02:15.328538,2.847056645167584,75.203,10588704.851001648,3733437.6707805777
5134,NETIA S.A.,Warsaw,2019-04-29T10:02:08.950529,3.0588633795817763,76.383,12879752.307849584,3698668.9840463786
14781,Powszechna Agencja Informacyjna S.A.,Warszawa,2019-04-29T11:02:03.027370,1.9582021294304137,84.204,6888223.797852581,3544351.8080145344
5134,NETIA S.A.,Warsaw,2019-04-29T12:02:01.848706,2.051125829084017,71.36,11310473.768893804,3586829.2916107452
5134,NETIA S.A.,Warsaw,2019-04-29T13:02:02.619544,3.0588633795817763,68.002,10692620.856706675,3680593.330061311
5134,NETIA S.A.,Warsaw,2019-04-29T14:01:59.781273,2.051125829084017,83.97,5076499.460328805,2807262.1779152085
5134,NETIA S.A.,Warsaw,2019-04-29T15:02:09.009855,3.0588633795817763,79.658,10588718.08943519,3713991.9587638094
14781,Powszechna Agencja Informacyjna S.A.,Warszawa,2019-04-29T16:02:00.631400,1.9582021294304137,78.711,11926441.01512403,2878920.5844958676
5134,NETIA S.A.,Warsaw,2019-04-29T17:02:03.901072,2.051125829084017,83.04,7562591.07629154,3734485.8929303642
5134,NETIA S.A.,Warsaw,2019-04-29T18:01:58.630364,2.051125829084017,78.41,6439259.390001077,3705089.58372597
5134,NETIA S.A.,Warsaw,2019-04-29T19:02:12.880298,2.0495705878425583,117.974,1392707.4470855899,3169744.1655474217
5134,NETIA S.A.,Warsaw,2019-04-29T20:01:57.409567,2.051125829084017,86.235,12134909.13638628,3669990.8001730335
14781,Powszechna Agencja Informacyjna S.A.,Warszawa,2019-04-29T21:02:05.241507,1.9582021294304137,78.676,11135386.753393477,3665721.5762661123
5134,NETIA S.A.,Warsaw,2019-04-29T22:02:06.430786,2.051125829084017,71.039,11415679.922134863,3400912.0279691513
5134,NETIA S.A.,Warsaw,2019-04-29T23:02:05.710846,3.0588633795817763,74.721,13353940.086633597,2845606.1952679153
5134,NETIA S.A.,Warsaw,2019-04-30T00:02:05.140938,3.0588633795817763,70.405,14538293.885371557,3634959.019001221
5134,NETIA S.A.,Warsaw,2019-04-30T01:01:58.251074,2.051125829084017,70.753,12430905.46007504,3538016.000493104
5134,NETIA S.A.,Warsaw,2019-04-30T02:02:01.833265,2.051125829084017,71.415,14215524.762987662,4307247.879833728
14781,Powszechna Agencja Informacyjna S.A.,Warszawa,2019-04-30T03:02:01.559446,2.847056645167584,77.771,12900973.418664308,3733383.160289006
5134,NETIA S.A.,Warsaw,2019-04-30T04:02:07.391777,2.051125829084017,69.742,14189685.095275521,3746327.1910322155
5134,NETIA S.A.,Warsaw,2019-04-30T05:01:58.011121,2.0495705878425583,66.857,14435453.576462371,3648718.4218273354
338,Skynet DC,Warsaw,2019-04-30T06:02:06.231293,5.250129209140813,76.521,13785788.878862856,3701862.262892148
5134,NETIA S.A.,Warsaw,2019-04-30T07:01:57.782419,3.0588633795817763,72.429,13825597.575800432,3713397.875612703
5134,NETIA S.A.,Warsaw,2019-04-30T08:02:04.062122,2.051125829084017,80.405,7473987.655413363,351249.4524109959
5134,NETIA S.A.,Warsaw,2019-04-30T09:02:03.262495,3.0588633795817763,76.576,10778979.251605848,3733109.6810945417
338,Skynet DC,Warsaw,2019-04-30T10:01:29.782598,2.0495705878425583,83.177,13853474.965012081,3649358.4543429366
338,Skynet DC,Warsaw,2019-04-30T11:02:05.907222,5.250129209140813,83.177,9355926.814966574,2841261.644557158
5134,NETIA S.A.,Warsaw,2019-04-30T12:02:04.124431,1.6272718056116506,78.581,11574505.937575009,3701088.751602221
5134,NETIA S.A.,Warsaw,2019-04-30T13:02:03.203859,5.250129209140813,73.116,8654636.834723016,3617604.9492589594
5134,NETIA S.A.,Warsaw,2019-04-30T14:02:04.282912,2.0495705878425583,73.024,14189588.53632398,3690886.034150489
5134,NETIA S.A.,Warsaw,2019-04-30T15:01:58.289477,3.0588633795817763,71.432,8638817.486248227,3700368.1007865956
5134,NETIA S.A.,Warsaw,2019-04-30T16:02:00.944213,2.051125829084017,76.405,7918643.676659105,3712406.2007281785
5134,NETIA S.A.,Warsaw,2019-04-30T17:02:03.362380,2.0495705878425583,76.518,12339624.613229018,3605184.361857659
5134,NETIA S.A.,Warsaw,2019-04-30T18:02:04.885129,2.0495705878425583,91.489,7978005.848656626,3555761.468091926
5134,NETIA S.A.,Warsaw,2019-04-30T19:02:03.385411,2.051125829084017,73.443,9178490.000681337,3625559.5877078343
5134,NETIA S.A.,Warsaw,2019-04-30T20:02:05.044829,2.051125829084017,78.056,8957496.37592594,3712425.8645165437
338,Skynet DC,Warsaw,2019-04-30T21:02:16.417640,2.051125829084017,88.157,6974584.333927725,2838541.801518023
5134,NETIA S.A.,Warsaw,2019-04-30T22:02:00.531099,2.051125829084017,88.081,5440410.294422907,3667829.9013951723
5134,NETIA S.A.,Warsaw,2019-04-30T23:02:04.090922,2.051125829084017,73.057,14154565.82891152,3575198.9261380085
5134,NETIA S.A.,Warsaw,2019-05-01T00:02:05.583142,2.051125829084017,69.709,12894710.334625486,3617708.876967448
5134,NETIA S.A.,Warsaw,2019-05-01T01:02:00.415325,3.0588633795817763,68.087,14236796.269558454,3542482.3034654944
5134,NETIA S.A.,Warsaw,2019-05-01T02:02:00.126514,2.051125829084017,78.041,13358499.524108935,3944993.1402458698
5134,NETIA S.A.,Warsaw,2019-05-01T03:02:01.818290,3.0588633795817763,68.041,12946500.09450153,3882063.4114882355
5134,NETIA S.A.,Warsaw,2019-05-01T04:02:09.675401,2.051125829084017,66.368,13600657.233282575,4076241.3217818807
338,Skynet DC,Warsaw,2019-05-01T05:02:04.629721,3.0588633795817763,80.894,13929244.708127439,3959818.98659913
5134,NETIA S.A.,Warsaw,2019-05-01T06:02:17.425807,2.051125829084017,76.358,13605632.742970876,3669475.07817545
338,Skynet DC,Warsaw,2019-05-01T07:02:01.546115,2.051125829084017,84.829,11876679.855623603,409449.1180999433
5134,NETIA S.A.,Warsaw,2019-05-01T08:02:07.245565,2.0495705878425583,78.047,10130639.47160487,3649079.964165053
14781,Powszechna Agencja Informacyjna S.A.,Warszawa,2019-05-01T09:02:01.371419,1.9582021294304137,82.321,11035649.435690016,3713316.985880637
5134,NETIA S.A.,Warsaw,2019-05-01T10:02:03.686740,5.250129209140813,81.367,9538566.88968514,3691874.533754881
14781,Powszechna Agencja Informacyjna S.A.,Warszawa,2019-05-01T11:02:19.926506,2.847056645167584,92.229,10283455.840239119,2840027.018803852
5134,NETIA S.A.,Warsaw,2019-05-01T12:01:55.945317,3.0588633795817763,73.044,11635370.096480642,3466585.547560432
5134,NETIA S.A.,Warsaw,2019-05-01T13:02:09.356493,2.0495705878425583,71.445,14670657.994714348,3573826.226125328
5134,NETIA S.A.,Warsaw,2019-05-01T14:01:59.527208,5.250129209140813,83.025,11099426.641592234,3573298.9248684472
5134,NETIA S.A.,Warsaw,2019-05-01T15:02:03.562106,2.051125829084017,75.427,5844935.381634835,258479.818047178
Cannot retrieve speedtest configuration
Cannot retrieve speedtest configuration
Cannot retrieve speedtest configuration
Cannot retrieve speedtest configuration
Cannot retrieve speedtest configuration
Cannot retrieve speedtest configuration
Cannot retrieve speedtest configuration
Cannot retrieve speedtest configuration
Cannot retrieve speedtest configuration
Cannot retrieve speedtest configuration
Cannot retrieve speedtest configuration
Cannot retrieve speedtest configuration
Cannot retrieve speedtest configuration
Cannot retrieve speedtest configuration
Cannot retrieve speedtest configuration
Cannot retrieve speedtest configuration
Cannot retrieve speedtest configuration
Cannot retrieve speedtest configuration
Cannot retrieve speedtest configuration
Cannot retrieve speedtest configuration
Cannot retrieve speedtest configuration
Cannot retrieve speedtest configuration
Cannot retrieve speedtest configuration
Cannot retrieve speedtest configuration
Cannot retrieve speedtest configuration
Cannot retrieve speedtest configuration
Cannot retrieve speedtest configuration
Cannot retrieve speedtest configuration
Cannot retrieve speedtest configuration
Cannot retrieve speedtest configuration
Cannot retrieve speedtest configuration
Cannot retrieve speedtest configuration
Cannot retrieve speedtest configuration
Cannot retrieve speedtest configuration
Cannot retrieve speedtest configuration
Cannot retrieve speedtest configuration
Cannot retrieve speedtest configuration
Cannot retrieve speedtest configuration
Cannot retrieve speedtest configuration
Cannot retrieve speedtest configuration
Cannot retrieve speedtest configuration
Cannot retrieve speedtest configuration
Cannot retrieve speedtest configuration
Cannot retrieve speedtest configuration
Cannot retrieve speedtest configuration
Cannot retrieve speedtest configuration
Cannot retrieve speedtest configuration
Cannot retrieve speedtest configuration
Cannot retrieve speedtest configuration
Cannot retrieve speedtest configuration
Cannot retrieve speedtest configuration
Cannot retrieve speedtest configuration
Cannot retrieve speedtest configuration
Cannot retrieve speedtest configuration
Cannot retrieve speedtest configuration
Cannot retrieve speedtest configuration
Cannot retrieve speedtest configuration
Cannot retrieve speedtest configuration
Cannot retrieve speedtest configuration
Cannot retrieve speedtest configuration
Cannot retrieve speedtest configuration
Cannot retrieve speedtest configuration
Cannot retrieve speedtest configuration
Cannot retrieve speedtest configuration
Cannot retrieve speedtest configuration
Cannot retrieve speedtest configuration
Cannot retrieve speedtest configuration
Cannot retrieve speedtest configuration
Cannot retrieve speedtest configuration
Cannot retrieve speedtest configuration
Cannot retrieve speedtest configuration
Cannot retrieve speedtest configuration
Cannot retrieve speedtest configuration
Cannot retrieve speedtest configuration
Cannot retrieve speedtest configuration
Cannot retrieve speedtest configuration
Cannot retrieve speedtest configuration
Cannot retrieve speedtest configuration
Cannot retrieve speedtest configuration
Cannot retrieve speedtest configuration
Cannot retrieve speedtest configuration
Cannot retrieve speedtest configuration
Cannot retrieve speedtest configuration
5134,NETIA S.A.,Warsaw,2019-05-05T03:02:25.026380,2.051125829084017,43.069,12365402.729684459,3781193.6622784557
5134,NETIA S.A.,Warsaw,2019-05-05T04:02:13.894641,2.051125829084017,36.126,12285068.147839608,3884797.204869389
5134,NETIA S.A.,Warsaw,2019-05-05T05:02:13.855896,2.051125829084017,33.021,11080427.668853303,3713640.095594401
5134,NETIA S.A.,Warsaw,2019-05-05T06:02:19.201005,2.051125829084017,36.402,11593925.590125285,3884449.2018616633
5134,NETIA S.A.,Warsaw,2019-05-05T07:02:19.327099,2.051125829084017,51.411,10890398.48804009,3702604.770150485
5134,NETIA S.A.,Warsaw,2019-05-05T08:02:19.477267,2.051125829084017,44.225,11550487.421606604,3713180.531635628
5134,NETIA S.A.,Warsaw,2019-05-05T09:02:14.784574,2.0495705878425583,41.399,10957923.991892705,3734982.532138514
5134,NETIA S.A.,Warsaw,2019-05-05T10:02:19.097541,2.051125829084017,43.088,11108505.903467936,3730996.32272463
18199,Vectra S.A,Warszawa,2019-05-05T11:02:14.011472,2.0495705878425583,57.574,12063907.216193015,3733739.7257801774
5134,NETIA S.A.,Warsaw,2019-05-05T12:02:13.907155,2.051125829084017,44.695,4511588.349029511,3727619.748076425
5134,NETIA S.A.,Warsaw,2019-05-05T13:02:18.349377,2.0495705878425583,38.723,9133270.637621364,2849391.06805295
5134,NETIA S.A.,Warsaw,2019-05-05T14:02:17.909293,2.0495705878425583,32.216,12330296.015173871,3745031.381212233
5134,NETIA S.A.,Warsaw,2019-05-05T15:02:15.467963,2.0495705878425583,37.187,9329711.90311693,2853127.1877058097
5134,NETIA S.A.,Warsaw,2019-05-05T16:02:20.386550,2.051125829084017,46.372,8245984.107712685,3727921.968335545
5134,NETIA S.A.,Warsaw,2019-05-05T17:02:15.439133,2.051125829084017,41.38,12021897.48409807,3789261.7425412037
5134,NETIA S.A.,Warsaw,2019-05-05T18:02:21.864308,2.0495705878425583,49.719,9658287.310757015,3730492.6622897177
5134,NETIA S.A.,Warsaw,2019-05-05T19:02:23.604248,2.051125829084017,44.197,11388655.116188454,3764860.6671552747
5134,NETIA S.A.,Warsaw,2019-05-05T20:02:14.688063,1.940077529012681,36.582,9602901.159276947,3767028.465114231
5134,NETIA S.A.,Warsaw,2019-05-05T21:02:13.685779,1.940077529012681,36.411,11047766.0040043,3767418.5143567496
5134,NETIA S.A.,Warsaw,2019-05-05T22:02:18.687912,2.051125829084017,48.014,11431592.523474455,3746651.4431986217
5134,NETIA S.A.,Warsaw,2019-05-05T23:02:19.776905,2.051125829084017,39.725,10124451.07975224,3757152.1506618643
5134,NETIA S.A.,Warsaw,2019-05-06T00:02:14.210499,2.051125829084017,32.738,11579477.969474142,4183947.6101446464
5134,NETIA S.A.,Warsaw,2019-05-06T01:02:18.080596,2.051125829084017,36.373,12260832.50611777,3921706.96340305
5134,NETIA S.A.,Warsaw,2019-05-06T02:02:18.130304,1.940077529012681,35.535,13052778.982298998,4464335.501179779
5134,NETIA S.A.,Warsaw,2019-05-06T03:02:13.192074,2.051125829084017,34.668,11667829.233075416,4294618.820310263
14781,Powszechna Agencja Informacyjna S.A.,Warszawa,2019-05-06T04:02:13.317920,1.9582021294304137,49.331,10892869.277119821,3697867.1915575843
5134,NETIA S.A.,Warsaw,2019-05-06T05:02:13.711785,2.0495705878425583,41.383,13012085.554755846,3748268.3994295103
5134,NETIA S.A.,Warsaw,2019-05-06T06:02:16.048594,2.051125829084017,45.011,12810277.780289635,3758417.2186559997
338,Skynet DC,Warsaw,2019-05-06T07:02:14.718569,1.940077529012681,49.864,11298215.959731068,3733755.0200011227
10550,Supermedia,Warsaw,2019-05-06T08:02:16.063153,2.0495705878425583,61.392,4269477.698973074,2615120.017407669
5134,NETIA S.A.,Warsaw,2019-05-06T09:02:17.582901,2.0495705878425583,46.293,9813726.610795418,3758221.4878402883
5134,NETIA S.A.,Warsaw,2019-05-06T10:02:19.009995,2.051125829084017,37.144,8239375.078272689,2834324.141554123
5134,NETIA S.A.,Warsaw,2019-05-06T11:02:25.019796,2.0495705878425583,44.915,6762460.144740456,2829620.0710817636
5134,NETIA S.A.,Warsaw,2019-05-06T12:02:28.557715,2.051125829084017,48.04,10282047.95805787,3733864.698292724
5134,NETIA S.A.,Warsaw,2019-05-06T13:02:19.801247,2.051125829084017,46.356,11604395.896975731,3723430.083191704
5134,NETIA S.A.,Warsaw,2019-05-06T14:02:23.473914,2.051125829084017,39.734,9044409.319962772,3466516.8291022913
5134,NETIA S.A.,Warsaw,2019-05-06T15:02:14.825205,2.051125829084017,43.751,9891964.806054583,3733597.80455565
5134,NETIA S.A.,Warsaw,2019-05-06T16:02:18.722160,1.940077529012681,39.7,7340437.426139281,2861822.9076473713
5134,NETIA S.A.,Warsaw,2019-05-06T17:02:17.849168,2.0495705878425583,33.022,11919310.740340728,3803489.372419936
5134,NETIA S.A.,Warsaw,2019-05-06T18:02:16.560987,1.940077529012681,44.719,9219324.081418153,2880133.1738636545
5134,NETIA S.A.,Warsaw,2019-05-06T19:02:17.761517,2.051125829084017,37.271,8792617.30626049,3770551.434973934
5134,NETIA S.A.,Warsaw,2019-05-06T20:02:18.557968,1.940077529012681,41.375,10057538.930099724,3727973.9494715687
5134,NETIA S.A.,Warsaw,2019-05-06T21:02:15.193228,1.940077529012681,44.716,10856821.560419098,3734442.5176338144
5134,NETIA S.A.,Warsaw,2019-05-06T22:02:21.454905,2.051125829084017,42.922,11522200.195527606,3758368.3837838895
5134,NETIA S.A.,Warsaw,2019-05-06T23:02:23.523417,2.051125829084017,35.825,12275722.751777437,3802639.0763281584
338,Skynet DC,Warsaw,2019-05-07T00:02:09.145684,1.940077529012681,59.246,11926128.155227456,3713107.5668237265
18199,Vectra S.A,Warszawa,2019-05-07T01:02:22.751343,1.940077529012681,47.826,13220547.087901842,4288651.763051611
5134,NETIA S.A.,Warsaw,2019-05-07T02:02:17.212259,2.051125829084017,48.036,13501189.631637976,3872566.3847159464
5134,NETIA S.A.,Warsaw,2019-05-07T03:02:16.155546,1.940077529012681,52.121,3453704.2602550997,3757498.186344095
5134,NETIA S.A.,Warsaw,2019-05-07T04:02:16.354756,1.940077529012681,38.041,11523463.303177342,3989423.7277730377
5134,NETIA S.A.,Warsaw,2019-05-07T05:02:13.093421,2.0495705878425583,38.835,11680531.542589925,4094037.321674294
5134,NETIA S.A.,Warsaw,2019-05-07T06:02:16.579645,2.0495705878425583,37.543,10453524.33565788,3780257.0264841854
5134,NETIA S.A.,Warsaw,2019-05-07T07:02:17.589667,1.940077529012681,42.888,11031779.88126719,3697644.8224000586
5134,NETIA S.A.,Warsaw,2019-05-07T08:02:20.682708,1.940077529012681,47.19,8215561.659947862,2848997.205294415
338,Skynet DC,Warsaw,2019-05-07T09:02:17.183204,2.051125829084017,69.3,8690601.595376065,2820069.7691371217
5134,NETIA S.A.,Warsaw,2019-05-07T10:02:20.647927,2.0495705878425583,43.038,10215423.948508762,3701347.746867521
338,Skynet DC,Warsaw,2019-05-07T11:02:16.383389,2.0495705878425583,56.582,10192085.95311754,3730942.516504718
5134,NETIA S.A.,Warsaw,2019-05-07T12:02:21.128292,2.051125829084017,36.388,7547072.088596957,3698551.25512285
5134,NETIA S.A.,Warsaw,2019-05-07T13:02:17.390357,2.0495705878425583,39.706,9678273.847395074,3733692.2590218643
5134,NETIA S.A.,Warsaw,2019-05-07T14:02:13.943916,2.051125829084017,40.253,3731450.0208444316,2837897.993146177
5134,NETIA S.A.,Warsaw,2019-05-07T15:02:22.464833,2.051125829084017,47.421,11134925.109865375,3713466.8541370626
5134,NETIA S.A.,Warsaw,2019-05-07T16:02:16.366910,2.051125829084017,54.949,10534249.276781868,3733146.913738735
5134,NETIA S.A.,Warsaw,2019-05-07T17:02:16.967321,2.0495705878425583,45.223,9439386.109356126,3713087.1904819333
5134,NETIA S.A.,Warsaw,2019-05-07T18:02:17.076103,2.051125829084017,47.378,11208558.070574956,3768915.1649383195
5134,NETIA S.A.,Warsaw,2019-05-07T19:02:19.550043,1.940077529012681,51.385,5459700.538246293,3483534.4234225373
Cannot retrieve speedtest configuration
5134,NETIA S.A.,Warsaw,2019-05-07T21:02:21.782167,2.051125829084017,53.041,9254766.87955317,2871937.345871469
5134,NETIA S.A.,Warsaw,2019-05-07T22:02:31.295066,1.940077529012681,36.359,12362289.122761078,3735084.669604766
5134,NETIA S.A.,Warsaw,2019-05-07T23:02:45.927945,1.940077529012681,51.316,12634781.652529972,3728291.792717391
338,Skynet DC,Warsaw,2019-05-08T00:02:22.830207,1.940077529012681,42.376,11392331.09018598,3894500.3680091253
338,Skynet DC,Warsaw,2019-05-08T01:02:22.776664,1.940077529012681,51.392,11137327.626157852,385897.89450507995
5134,NETIA S.A.,Warsaw,2019-05-08T02:02:25.502862,1.940077529012681,39.748,11898449.650849793,4352510.596153597
5134,NETIA S.A.,Warsaw,2019-05-08T03:02:16.241317,2.051125829084017,43.389,11132324.88709887,4336419.381989427
5134,NETIA S.A.,Warsaw,2019-05-08T04:02:22.416870,1.940077529012681,37.569,8369966.158868314,3815672.5279268078
5134,NETIA S.A.,Warsaw,2019-05-08T05:02:16.025443,2.0495705878425583,37.707,11638.204608330561,70567.17991954768
4166,Orange Polska S.A.,Warsaw,2019-05-08T06:02:15.205383,1.940077529012681,57.294,13337929.438907756,3734744.4973957906
5134,NETIA S.A.,Warsaw,2019-05-08T07:02:15.895733,2.0495705878425583,46.387,11493.795466820578,67450.4097025225
5134,NETIA S.A.,Warsaw,2019-05-08T08:02:25.526261,2.051125829084017,34.728,10964.445536595307,115742.73640262678
5134,NETIA S.A.,Warsaw,2019-05-08T09:02:15.597692,2.051125829084017,34.717,11323.686727162178,80057.44242391559
5134,NETIA S.A.,Warsaw,2019-05-08T10:02:38.547486,1.940077529012681,43.058,12320.558991412332,86797.26361206683
5134,NETIA S.A.,Warsaw,2019-05-08T11:02:21.477535,2.051125829084017,53.354,9171.919318456785,69796.45999140367
5134,NETIA S.A.,Warsaw,2019-05-08T12:02:22.328189,2.051125829084017,40.081,10540.807044405043,74351.81719366663
5134,NETIA S.A.,Warsaw,2019-05-08T13:02:20.408530,1.940077529012681,43.051,14403.314517987166,104918.4532952548
5134,NETIA S.A.,Warsaw,2019-05-08T14:02:15.478106,2.0495705878425583,46.301,11752.435043615627,72148.96580476689
5134,NETIA S.A.,Warsaw,2019-05-08T15:02:20.116605,2.051125829084017,43.045,12608.786215915641,74656.62577909368
5134,NETIA S.A.,Warsaw,2019-05-08T16:02:15.665524,1.940077529012681,36.379,10026.96646162833,103777.73068563952
5134,NETIA S.A.,Warsaw,2019-05-08T17:02:15.629785,2.051125829084017,34.503,11789.24430094121,120880.77183101242
5134,NETIA S.A.,Warsaw,2019-05-08T18:02:17.975554,2.051125829084017,39.749,8439.231023989114,74312.84233529658
5134,NETIA S.A.,Warsaw,2019-05-08T19:02:18.127771,2.0495705878425583,48.109,9234.066851874362,105636.31373701425
5134,NETIA S.A.,Warsaw,2019-05-08T20:02:18.848655,2.051125829084017,41.392,11094.506368685847,85984.17468233504
5134,NETIA S.A.,Warsaw,2019-05-08T21:02:16.480152,1.940077529012681,40.055,14510.401655600448,83827.96248206569
5134,NETIA S.A.,Warsaw,2019-05-08T22:02:20.694034,2.051125829084017,39.928,8741.085219081222,67500.17750978938
5134,NETIA S.A.,Warsaw,2019-05-08T23:02:16.599862,2.051125829084017,39.722,10027.03946837376,76185.17960644573
5134,NETIA S.A.,Warsaw,2019-05-09T00:02:15.619858,2.051125829084017,36.396,10583.856731930891,92509.33029752997
5134,NETIA S.A.,Warsaw,2019-05-09T01:02:18.676620,2.051125829084017,41.42,11197.074111432135,122100.34760929493
5134,NETIA S.A.,Warsaw,2019-05-09T02:02:17.520860,2.051125829084017,38.271,7158.183309658129,63310.547599166865
5134,NETIA S.A.,Warsaw,2019-05-09T03:02:17.531841,2.051125829084017,39.727,10821.94541194052,64600.144003390735
5134,NETIA S.A.,Warsaw,2019-05-09T04:02:22.780831,2.051125829084017,39.725,9911.841260941968,101215.75151343795
5134,NETIA S.A.,Warsaw,2019-05-09T05:02:15.280011,2.0495705878425583,36.338,7126.984756277822,69795.85463061574
5134,NETIA S.A.,Warsaw,2019-05-09T06:02:19.336647,1.940077529012681,36.357,9869.740371572701,115747.98114851382
5134,NETIA S.A.,Warsaw,2019-05-09T07:02:15.859854,2.0495705878425583,40.978,10478.692020753782,87379.51173388129
5134,NETIA S.A.,Warsaw,2019-05-09T08:02:15.579670,2.0495705878425583,43.825,12422.496505513554,65150.70215108655
5134,NETIA S.A.,Warsaw,2019-05-09T09:02:18.840588,2.051125829084017,41.606,9113.691372040345,108934.21313693795
338,Skynet DC,Warsaw,2019-05-09T10:02:21.011052,2.0495705878425583,64.283,12259.675158713038,107116.55473239688
18199,Vectra S.A,Warszawa,2019-05-09T11:02:17.419169,2.0495705878425583,53.881,8931.119430250545,111008.00123814956
5134,NETIA S.A.,Warsaw,2019-05-09T12:02:20.159916,2.051125829084017,37.182,10276.957858528882,95224.17149679754
5134,NETIA S.A.,Warsaw,2019-05-09T13:02:17.600612,2.051125829084017,38.091,11042.959798017286,123146.51092002877
5134,NETIA S.A.,Warsaw,2019-05-09T14:02:15.400753,2.051125829084017,41.904,11492.560768409077,65805.58251048198
5134,NETIA S.A.,Warsaw,2019-05-09T15:02:21.981382,2.0495705878425583,49.322,7190.75685374493,88746.75640628363
5134,NETIA S.A.,Warsaw,2019-05-09T16:02:16.591778,2.051125829084017,41.608,8946.566891029492,77476.5215587207
338,Skynet DC,Warsaw,2019-05-09T17:02:16.660783,2.051125829084017,67.574,7625.545146683616,100415.89682451061
5134,NETIA S.A.,Warsaw,2019-05-09T18:02:25.320269,2.051125829084017,43.086,7820.755025672859,69565.52394249817
5134,NETIA S.A.,Warsaw,2019-05-09T19:02:16.050002,2.051125829084017,48.051,6726.732914200778,100975.8587366615
5134,NETIA S.A.,Warsaw,2019-05-09T20:02:17.063174,1.940077529012681,48.061,8340.0392844085,82453.45857368602
5134,NETIA S.A.,Warsaw,2019-05-09T21:02:19.071859,1.940077529012681,46.267,9486.360827856386,64603.56651254707
5134,NETIA S.A.,Warsaw,2019-05-09T22:02:18.682027,1.940077529012681,43.037,8814.919546571042,93610.6570605329
5134,NETIA S.A.,Warsaw,2019-05-09T23:02:17.201628,2.051125829084017,30.536,8772.597731625376,67030.71375352445
5134,NETIA S.A.,Warsaw,2019-05-10T00:02:18.282538,1.940077529012681,41.37,10358.027172091597,66276.17569473454
5134,NETIA S.A.,Warsaw,2019-05-10T01:02:19.375928,1.7976813490377563,37.537,12586292.647064911,3820811.0916007645
5134,NETIA S.A.,Warsaw,2019-05-10T02:02:17.944727,2.051125829084017,35.307,12049558.038898837,3867151.483839041
5134,NETIA S.A.,Warsaw,2019-05-10T03:02:15.083507,2.0495705878425583,42.071,13981440.832422283,3777190.712429422
5134,NETIA S.A.,Warsaw,2019-05-10T04:02:16.831141,2.051125829084017,32.736,9599909.557512334,4207257.362473996
5134,NETIA S.A.,Warsaw,2019-05-10T05:02:16.309325,2.051125829084017,31.382,11071559.836423632,3754030.1557370424
5134,NETIA S.A.,Warsaw,2019-05-10T06:02:15.262461,2.0495705878425583,38.067,10089443.25414166,3752273.4094403447
5134,NETIA S.A.,Warsaw,2019-05-10T07:02:16.285599,3.267213792156599,43.024,11272875.051201383,3713164.073156917
5134,NETIA S.A.,Warsaw,2019-05-10T08:02:15.824169,3.267213792156599,42.383,11112566.749614187,3734094.1401229054
5134,NETIA S.A.,Warsaw,2019-05-10T09:02:15.043489,2.0495705878425583,43.053,11250192.51795634,3699271.587317899
5134,NETIA S.A.,Warsaw,2019-05-10T10:02:14.916047,2.0495705878425583,48.092,12335268.867804345,3742538.386495842
5134,NETIA S.A.,Warsaw,2019-05-10T11:02:15.884413,2.051125829084017,44.682,11637832.50830674,3733976.7606587172
5134,NETIA S.A.,Warsaw,2019-05-10T12:02:16.574750,3.267213792156599,36.134,9029088.211140038,3697477.8882286027
5134,NETIA S.A.,Warsaw,2019-05-10T13:02:28.182831,2.051125829084017,40.655,8070719.373515506,2851066.240327458
5134,NETIA S.A.,Warsaw,2019-05-10T14:02:16.065514,3.267213792156599,31.395,9101124.871862775,3685524.0536698974
5134,NETIA S.A.,Warsaw,2019-05-10T15:02:15.144899,2.051125829084017,36.402,11197415.46028402,3774265.289043511
5134,NETIA S.A.,Warsaw,2019-05-10T16:02:16.667735,2.0495705878425583,46.358,7336233.023874014,3763374.6409709677
5134,NETIA S.A.,Warsaw,2019-05-10T17:02:26.576877,2.0495705878425583,43.043,9692416.771755882,3743793.43187331
5134,NETIA S.A.,Warsaw,2019-05-10T18:02:15.573814,2.051125829084017,33.021,10940154.821691113,3767003.1904992075
5134,NETIA S.A.,Warsaw,2019-05-10T19:02:14.987914,2.0495705878425583,46.351,5346238.910488261,2854367.919202405
5134,NETIA S.A.,Warsaw,2019-05-10T20:02:15.495763,2.0495705878425583,41.877,10613977.58741304,3767718.4271963686
5134,NETIA S.A.,Warsaw,2019-05-10T21:02:15.295900,2.051125829084017,44.719,9828228.297023706,3697999.257762726
5134,NETIA S.A.,Warsaw,2019-05-10T22:02:15.558075,2.0495705878425583,41.768,11885029.469068963,3777183.9000862115
5134,NETIA S.A.,Warsaw,2019-05-10T23:02:14.992993,2.0495705878425583,28.546,12781329.564598756,4035069.6054568463
5134,NETIA S.A.,Warsaw,2019-05-11T00:02:16.511657,2.0495705878425583,43.179,13898836.686185354,3731955.04569454
5134,NETIA S.A.,Warsaw,2019-05-11T01:02:16.728870,2.0495705878425583,42.524,14458102.651942423,4048925.408879973
5134,NETIA S.A.,Warsaw,2019-05-11T02:02:15.357731,2.0495705878425583,34.063,14533687.744814875,4100943.8616611976
5134,NETIA S.A.,Warsaw,2019-05-11T03:02:15.110207,2.0495705878425583,43.043,11068332.712983228,463790.9623626012
5134,NETIA S.A.,Warsaw,2019-05-11T04:02:15.386723,2.051125829084017,33.775,14764114.56174775,4017623.858389612
5134,NETIA S.A.,Warsaw,2019-05-11T05:02:27.659058,2.051125829084017,39.647,13420269.289929211,3784217.155003386
Cannot retrieve speedtest configuration
5134,NETIA S.A.,Warsaw,2019-05-11T07:02:14.665096,2.0495705878425583,42.217,11275770.863225272,3712256.7314098184
5134,NETIA S.A.,Warsaw,2019-05-11T08:02:15.489983,3.267213792156599,40.755,11256593.803027947,3738493.378114026
5134,NETIA S.A.,Warsaw,2019-05-11T09:02:17.891583,2.0495705878425583,44.347,12521285.599851508,3699087.550058111
5134,NETIA S.A.,Warsaw,2019-05-11T10:02:14.980483,2.0495705878425583,49.354,11690313.585157882,3746217.2048506667
5134,NETIA S.A.,Warsaw,2019-05-11T11:02:15.456981,2.0495705878425583,33.073,13131109.377363121,3764078.0429228726
5134,NETIA S.A.,Warsaw,2019-05-11T12:02:17.503765,2.0495705878425583,40.636,8614024.04856155,2840193.789818471
5134,NETIA S.A.,Warsaw,2019-05-11T13:02:15.222021,2.051125829084017,38.021,9820634.202593671,423211.70514446014
5134,NETIA S.A.,Warsaw,2019-05-11T14:02:15.174252,2.0495705878425583,39.707,11018758.563129919,3760499.2682079975
5134,NETIA S.A.,Warsaw,2019-05-11T15:02:17.190723,2.051125829084017,31.392,9601046.285674177,3765951.509737553
5134,NETIA S.A.,Warsaw,2019-05-11T16:02:14.892431,2.051125829084017,40.861,7989344.553310595,3728972.616254452
5134,NETIA S.A.,Warsaw,2019-05-11T17:02:15.028491,3.267213792156599,36.378,10390566.510027142,3699071.2162748496
5134,NETIA S.A.,Warsaw,2019-05-11T18:02:15.838737,2.0495705878425583,43.046,5313215.377678425,2871063.335944244
5134,NETIA S.A.,Warsaw,2019-05-11T19:02:14.957888,2.0495705878425583,45.398,9891671.758367183,2861648.4063821854
5134,NETIA S.A.,Warsaw,2019-05-11T20:02:15.310700,2.051125829084017,46.523,10496077.849317405,3833930.33971659
5134,NETIA S.A.,Warsaw,2019-05-11T21:02:16.933590,2.051125829084017,43.032,11663445.549351111,4097946.5117451795
5134,NETIA S.A.,Warsaw,2019-05-11T22:02:15.153900,2.0495705878425583,44.727,8659571.233913265,3710857.5680509172
5134,NETIA S.A.,Warsaw,2019-05-11T23:02:03.653653,2.0495705878425583,35.862,11965900.387614239,3695763.954862578
5134,NETIA S.A.,Warsaw,2019-05-12T00:02:15.062601,2.051125829084017,33.06,12163268.9736807,3746601.5730099655
5134,NETIA S.A.,Warsaw,2019-05-12T01:02:15.587621,2.0495705878425583,29.334,12762982.540312292,3942242.9077669005
5134,NETIA S.A.,Warsaw,2019-05-12T02:02:15.637787,2.0495705878425583,46.66,11166455.934726443,4167094.1441231375
5134,NETIA S.A.,Warsaw,2019-05-12T03:02:15.824728,2.051125829084017,41.03,11925598.686040135,177591.91935484178
5134,NETIA S.A.,Warsaw,2019-05-12T04:02:16.701241,2.0495705878425583,34.744,8992.286587088513,114095.79917193303
5134,NETIA S.A.,Warsaw,2019-05-12T05:02:16.581015,2.051125829084017,34.73,10079.920758780907,76601.86959219731
5134,NETIA S.A.,Warsaw,2019-05-12T06:02:16.680774,2.051125829084017,43.945,7543.957111618581,94106.35155204263
5134,NETIA S.A.,Warsaw,2019-05-12T07:02:18.766605,2.0495705878425583,41.346,8397.439970586252,77684.54184798343
5134,NETIA S.A.,Warsaw,2019-05-12T08:02:17.969022,2.051125829084017,44.706,10555.49083692859,124482.23554552361
5134,NETIA S.A.,Warsaw,2019-05-12T09:02:17.345054,2.0495705878425583,38.038,10004.29622224591,74169.83200707339
5134,NETIA S.A.,Warsaw,2019-05-12T10:02:17.390371,2.051125829084017,45.348,10630.60841999069,102610.98430580598
5134,NETIA S.A.,Warsaw,2019-05-12T11:02:16.941569,2.051125829084017,46.42,11246.141676017793,85863.80423642733
5134,NETIA S.A.,Warsaw,2019-05-12T12:02:18.701173,2.0495705878425583,39.567,9502.567948787148,75837.85422822215
5134,NETIA S.A.,Warsaw,2019-05-12T13:02:19.001679,2.0495705878425583,43.042,11583.41019001747,85280.22133157928
5134,NETIA S.A.,Warsaw,2019-05-12T14:02:17.860105,2.051125829084017,47.902,11691.427388860755,63800.11894261494
5134,NETIA S.A.,Warsaw,2019-05-12T15:02:16.681454,2.051125829084017,46.29,12747.46840361686,97040.90781922426
5134,NETIA S.A.,Warsaw,2019-05-12T16:02:17.334555,2.0495705878425583,30.438,11910.38193239076,128635.19904024532
5134,NETIA S.A.,Warsaw,2019-05-12T17:02:18.002757,2.0495705878425583,49.733,10173.86737818744,72901.31994833586
5134,NETIA S.A.,Warsaw,2019-05-12T18:02:19.442079,2.0495705878425583,33.045,6644.063407858306,84927.38485909725
5134,NETIA S.A.,Warsaw,2019-05-12T19:02:18.342978,2.051125829084017,43.043,7533.006922033234,75207.9159908832
5134,NETIA S.A.,Warsaw,2019-05-12T20:02:17.072370,2.051125829084017,40.894,8815.622461063438,101816.58958608097
5134,NETIA S.A.,Warsaw,2019-05-12T21:02:17.126210,2.051125829084017,43.075,10361.970376843245,109272.23711489404
5134,NETIA S.A.,Warsaw,2019-05-12T22:02:17.549952,2.0495705878425583,38.033,11522.00239171675,101710.00590204727
5134,NETIA S.A.,Warsaw,2019-05-12T23:02:16.882688,2.0495705878425583,39.689,9986.497161347084,95955.13784254133
5134,NETIA S.A.,Warsaw,2019-05-13T00:02:17.433180,2.0495705878425583,44.786,11163.625337606662,85701.53309318163
5134,NETIA S.A.,Warsaw,2019-05-13T01:02:19.092820,2.0495705878425583,44.708,11451.487683113548,63731.551199953836
5134,NETIA S.A.,Warsaw,2019-05-13T02:02:20.123782,2.0495705878425583,38.034,11604.757155140007,69073.12422471814
5134,NETIA S.A.,Warsaw,2019-05-13T03:02:18.000666,2.0495705878425583,42.99,9981.780893999623,69802.33696743079
5134,NETIA S.A.,Warsaw,2019-05-13T04:02:17.578581,2.051125829084017,44.713,11790.065365018136,83156.57006559454
5134,NETIA S.A.,Warsaw,2019-05-13T05:02:18.013182,2.0495705878425583,44.687,9640.360751630273,77936.42382986621
5134,NETIA S.A.,Warsaw,2019-05-13T06:02:17.593467,2.0495705878425583,36.851,10683.735474043533,69640.39636319283
5134,NETIA S.A.,Warsaw,2019-05-13T07:02:17.252991,2.051125829084017,50.474,11246.09284259293,97075.7722760177
5134,NETIA S.A.,Warsaw,2019-05-13T08:02:17.586397,2.0495705878425583,33.031,8818.039301987335,79596.88668777076
5134,NETIA S.A.,Warsaw,2019-05-13T09:02:17.130004,2.051125829084017,39.004,10855.493956617407,86886.17465499481
5134,NETIA S.A.,Warsaw,2019-05-13T10:02:18.464213,2.051125829084017,42.884,10088.837165163157,89552.44189097572
5134,NETIA S.A.,Warsaw,2019-05-13T11:02:19.034953,2.0495705878425583,34.703,8643.86343990498,110219.16287651751
5134,NETIA S.A.,Warsaw,2019-05-13T12:02:19.154363,2.0495705878425583,34.968,6985.243006378779,73359.71727257127
5134,NETIA S.A.,Warsaw,2019-05-13T13:02:16.101353,2.051125829084017,48.063,7970.898475335995,67171.71530798428
5134,NETIA S.A.,Warsaw,2019-05-13T14:02:17.425458,2.0495705878425583,45.062,9835.729997709224,66418.37541486048
5134,NETIA S.A.,Warsaw,2019-05-13T15:02:17.697119,2.0495705878425583,43.016,10897.325941405621,72892.28944564199
5134,NETIA S.A.,Warsaw,2019-05-13T16:02:18.185767,2.0495705878425583,31.957,9028.54776227474,126866.17099837463
5134,NETIA S.A.,Warsaw,2019-05-13T17:02:17.566149,2.051125829084017,46.384,9392.763820340046,83848.28072012946
5134,NETIA S.A.,Warsaw,2019-05-13T18:02:20.059850,2.0495705878425583,38.048,10775.43751925838,100587.59254015538
5134,NETIA S.A.,Warsaw,2019-05-13T19:02:17.444956,2.051125829084017,54.72,7329.786281665075,70332.18541884264
5134,NETIA S.A.,Warsaw,2019-05-13T20:02:17.877057,2.051125829084017,36.373,13608.081971654472,78750.38470155615
5134,NETIA S.A.,Warsaw,2019-05-13T21:02:18.965811,2.0495705878425583,37.344,7002.580818774233,92829.81864134043
5134,NETIA S.A.,Warsaw,2019-05-13T22:02:24.191864,2.0495705878425583,39.624,9427.719453517368,78085.20861699336
5134,NETIA S.A.,Warsaw,2019-05-13T23:02:18.245643,2.0495705878425583,38.012,10763.687467752026,68296.08370209929
5134,NETIA S.A.,Warsaw,2019-05-14T00:02:17.477425,2.0495705878425583,43.241,8692.197755329087,82764.50244891012
4166,Orange Polska S.A.,Warsaw,2019-05-14T01:02:18.667171,2.0495705878425583,57.716,5222852.764525247,552481.168413615
5134,NETIA S.A.,Warsaw,2019-05-14T02:02:17.937315,2.051125829084017,38.032,10035.11060610232,82828.45645117412
5134,NETIA S.A.,Warsaw,2019-05-14T03:02:18.555214,2.051125829084017,48.08,9629.469980800233,93163.06816828385
5134,NETIA S.A.,Warsaw,2019-05-14T04:02:18.394179,2.051125829084017,43.029,6877.994531272113,127986.50085254754
5134,NETIA S.A.,Warsaw,2019-05-14T05:02:17.536781,2.0495705878425583,36.135,8958.036667066688,103509.63988647518
5134,NETIA S.A.,Warsaw,2019-05-14T06:02:19.167495,2.051125829084017,41.311,6666.570955502386,96055.28723826919
5134,NETIA S.A.,Warsaw,2019-05-14T07:02:19.305596,2.0495705878425583,43.016,8525.645999207798,74313.36228002972
5134,NETIA S.A.,Warsaw,2019-05-14T08:02:17.097975,2.0495705878425583,44.694,10910.925597336443,85089.01163373068
5134,NETIA S.A.,Warsaw,2019-05-14T09:02:18.777098,2.0495705878425583,33.025,11715.40659231676,71465.00232150653
5134,NETIA S.A.,Warsaw,2019-05-14T10:02:17.881987,3.267213792156599,47.268,6726.231140275561,96598.39044939398
5134,NETIA S.A.,Warsaw,2019-05-14T11:02:17.648266,2.0495705878425583,29.712,10291.874522563165,73803.87522664851
5134,NETIA S.A.,Warsaw,2019-05-14T12:02:18.647762,2.0495705878425583,34.907,11935.21020041684,127334.84738127392
5134,NETIA S.A.,Warsaw,2019-05-14T13:02:17.538826,2.0495705878425583,42.244,9130.41340825768,126030.55138258809
5134,NETIA S.A.,Warsaw,2019-05-14T14:02:25.358365,2.0495705878425583,33.039,7086.096306639088,96563.92629216009
5134,NETIA S.A.,Warsaw,2019-05-14T15:02:19.848843,2.051125829084017,119.899,11960.318857474067,74753.74110616819
5134,NETIA S.A.,Warsaw,2019-05-14T16:02:19.549342,2.0495705878425583,36.382,12656.628673530644,71459.84259997123
5134,NETIA S.A.,Warsaw,2019-05-14T17:02:18.068546,2.0495705878425583,34.707,11012.406990124078,76481.62279859511
5134,NETIA S.A.,Warsaw,2019-05-14T18:02:18.038245,2.051125829084017,44.704,10850.025455229294,126915.03795544818
5134,NETIA S.A.,Warsaw,2019-05-14T20:02:07.528880,2.051125829084017,39.718,8425.104995360272,90798.54061689833
5134,NETIA S.A.,Warsaw,2019-05-14T21:02:17.699672,2.051125829084017,48.043,11026.415419513214,75443.35748442133
5134,NETIA S.A.,Warsaw,2019-05-14T22:02:17.369962,2.0495705878425583,56.359,9097.211719913781,95949.42095231781
5134,NETIA S.A.,Warsaw,2019-05-14T23:02:16.980075,2.0495705878425583,43.849,11423.602255600126,74845.80157253449
5134,NETIA S.A.,Warsaw,2019-05-15T00:02:17.141411,2.0495705878425583,31.733,10656.745345640335,128115.30453274262
5134,NETIA S.A.,Warsaw,2019-05-15T01:02:16.989555,2.0495705878425583,63.016,6507.982196214676,95532.07613013564
5134,NETIA S.A.,Warsaw,2019-05-15T02:02:16.529949,2.0495705878425583,35.257,11350.779233293952,63065.43175231106
5134,NETIA S.A.,Warsaw,2019-05-15T03:02:19.080883,2.051125829084017,36.37,10384.687195083496,93158.6688817525
5134,NETIA S.A.,Warsaw,2019-05-15T04:02:21.524031,3.610155250638459,36.393,12391191.941003596,3743886.6500538774
5134,NETIA S.A.,Warsaw,2019-05-15T05:02:08.151601,2.0495705878425583,44.712,10277940.704575198,3707915.9404651406
5134,NETIA S.A.,Warsaw,2019-05-15T06:02:17.490152,2.051125829084017,42.979,13227241.903914593,3782610.1938852835
18975,Beskid Media Sp. z o.o.,Kety,2019-05-15T07:02:16.782011,11.895939784512892,73.039,11577871.21893196,3733291.0982185565
5134,NETIA S.A.,Warsaw,2019-05-15T08:02:16.998836,2.051125829084017,31.524,11512972.300441016,3746024.6913940297
5134,NETIA S.A.,Warsaw,2019-05-15T09:02:18.573210,2.0495705878425583,44.696,10530928.06763659,3733318.668827068
2727,Simant,Bielsko-Biala,2019-05-15T10:02:15.058132,0.7481235727476035,67.214,7933326.575843862,2782653.969804327
5134,NETIA S.A.,Warsaw,2019-05-15T11:02:15.918515,2.051125829084017,29.694,8353319.454922893,2846408.9359753607
5134,NETIA S.A.,Warsaw,2019-05-15T12:02:15.242255,2.0495705878425583,44.665,9616439.79976763,3676528.9078168403
5134,NETIA S.A.,Warsaw,2019-05-15T13:02:14.593156,2.051125829084017,48.033,10351383.466929466,3732634.5943875113
5134,NETIA S.A.,Warsaw,2019-05-15T14:02:14.745011,2.0495705878425583,30.602,5971370.645557285,2847408.9664525664
5134,NETIA S.A.,Warsaw,2019-05-15T15:01:56.593885,2.051125829084017,39.473,10174236.344476841,3760080.834132367
5134,NETIA S.A.,Warsaw,2019-05-15T16:02:14.697315,2.051125829084017,43.356,9622025.246659284,4420873.9111191705
5134,NETIA S.A.,Warsaw,2019-05-15T17:02:15.371975,2.051125829084017,46.392,8719889.112577306,2705295.9318929357
5134,NETIA S.A.,Warsaw,2019-05-15T18:02:15.768324,2.0495705878425583,41.349,8651890.53522398,3743512.132327243
5134,NETIA S.A.,Warsaw,2019-05-15T19:02:15.012977,2.051125829084017,41.326,5291553.178749925,2823424.764455985
5134,NETIA S.A.,Warsaw,2019-05-15T20:02:15.919853,3.610155250638459,42.033,8478968.599124853,3766180.719404414
5134,NETIA S.A.,Warsaw,2019-05-15T21:02:15.390660,6.307200355065176,36.402,13195110.6140031,3754391.0768201924
5134,NETIA S.A.,Warsaw,2019-05-15T22:02:15.033483,6.307200355065176,33.067,13988367.699725613,361422.03243946657
5134,NETIA S.A.,Warsaw,2019-05-15T23:02:15.090847,6.307200355065176,47.079,14426228.34047842,3774233.9524058513
5134,NETIA S.A.,Warsaw,2019-05-16T00:02:17.724317,2.0495705878425583,34.678,14411389.290840032,3991903.013307133
5134,NETIA S.A.,Warsaw,2019-05-16T01:02:15.054513,2.051125829084017,36.135,13452687.96385122,3756932.065258877
5134,NETIA S.A.,Warsaw,2019-05-16T02:02:15.843297,2.051125829084017,43.048,13985813.823796527,4087420.4401193545
5134,NETIA S.A.,Warsaw,2019-05-16T04:02:16.286688,0.523268226092045,36.36,14187429.997496784,3756051.144618879
5134,NETIA S.A.,Warsaw,2019-05-16T05:02:15.324537,0.523268226092045,36.82,12870934.27405678,3801384.586416256
5134,NETIA S.A.,Warsaw,2019-05-16T06:02:15.904336,2.051125829084017,37.98,11640769.036543606,3549390.3933124067
5134,NETIA S.A.,Warsaw,2019-05-16T07:02:15.354289,2.051125829084017,38.044,10375759.467408009,340627.98990475695
5134,NETIA S.A.,Warsaw,2019-05-16T08:02:18.366649,2.051125829084017,38.045,11422640.11202921,2547944.2735084803
5134,NETIA S.A.,Warsaw,2019-05-16T09:02:15.924282,47.64466668436379,37.806,9571577.880146256,3675190.7079192293
5134,NETIA S.A.,Warsaw,2019-05-16T10:02:15.317734,2.051125829084017,48.054,8922592.272731848,398455.7538911927
5134,NETIA S.A.,Warsaw,2019-05-16T11:02:15.567533,2.0495705878425583,44.732,11478196.107415318,3733979.376055928
5134,NETIA S.A.,Warsaw,2019-05-16T12:02:15.756250,3.610155250638459,46.169,8839136.652692743,3702016.89488536
5134,NETIA S.A.,Warsaw,2019-05-16T13:02:15.341170,2.0495705878425583,34.691,10019275.518918352,3696669.46556332
5134,NETIA S.A.,Warsaw,2019-05-16T14:02:15.322462,4.639442724429602,39.72,6107442.789187982,2733629.3651449746
5134,NETIA S.A.,Warsaw,2019-05-16T15:02:16.865297,47.64466668436379,36.337,9631385.268017706,3755419.4213748006
5134,NETIA S.A.,Warsaw,2019-05-16T16:02:15.116649,2.051125829084017,36.401,10560042.698530424,3712466.6029082453
5134,NETIA S.A.,Warsaw,2019-05-16T17:02:16.088370,0.523268226092045,30.61,9700989.03339005,3700135.0022667083
5134,NETIA S.A.,Warsaw,2019-05-16T18:02:15.689481,2.051125829084017,32.037,3959695.2203494245,3677082.276190187
5134,NETIA S.A.,Warsaw,2019-05-16T19:02:17.835868,6.307200355065176,38.341,8489186.958120782,2858999.309241791
5134,NETIA S.A.,Warsaw,2019-05-16T20:02:15.020869,2.051125829084017,44.713,7275280.549725559,3712072.104848807
5134,NETIA S.A.,Warsaw,2019-05-16T21:02:27.659004,2.051125829084017,39.684,11613577.984202923,3710932.479718762
5134,NETIA S.A.,Warsaw,2019-05-16T22:02:16.701747,2.051125829084017,39.708,12380949.221406726,4150365.364750078
5134,NETIA S.A.,Warsaw,2019-05-17T00:02:15.987915,2.051125829084017,34.308,13055622.692688,4028921.1840359303
5134,NETIA S.A.,Warsaw,2019-05-17T01:02:08.567977,2.051125829084017,38.999,12920546.404336471,3944501.6502901297
5134,NETIA S.A.,Warsaw,2019-05-17T02:02:16.147890,6.307200355065176,34.659,12644891.562339405,4491721.3920584
5134,NETIA S.A.,Warsaw,2019-05-17T04:02:46.059335,1.973179610020097,41.674,9762187.428349804,2865526.240404587
5134,NETIA S.A.,Warsaw,2019-05-17T05:02:15.040774,2.051125829084017,39.321,10846734.172915138,3809364.481637122
5134,NETIA S.A.,Warsaw,2019-05-17T06:02:28.034477,2.051125829084017,47.871,9482850.850771202,3740934.845396742
5134,NETIA S.A.,Warsaw,2019-05-17T08:02:15.218075,2.051125829084017,34.711,10792428.925967917,486384.37467300793
5134,NETIA S.A.,Warsaw,2019-05-17T09:02:15.659482,2.051125829084017,54.713,7190468.218533599,3722649.553074323
5134,NETIA S.A.,Warsaw,2019-05-17T10:02:15.238772,0.523268226092045,40.004,12478010.163183926,3697857.3977356288
5134,NETIA S.A.,Warsaw,2019-05-17T11:02:15.718364,2.0495705878425583,45.515,9940314.895333309,3727660.267707677
5134,NETIA S.A.,Warsaw,2019-05-17T12:02:15.666971,2.051125829084017,35.35,10342780.844185332,3778045.4972849805
5134,NETIA S.A.,Warsaw,2019-05-17T14:02:15.819129,2.051125829084017,34.739,9821970.208588101,3728411.343613088
5134,NETIA S.A.,Warsaw,2019-05-17T15:02:16.920712,2.0495705878425583,48.015,11421706.086588502,2851547.0339325466
5134,NETIA S.A.,Warsaw,2019-05-17T16:02:16.423139,2.051125829084017,47.448,10043510.83254642,3779784.1876953254
5134,NETIA S.A.,Warsaw,2019-05-17T17:02:27.367930,0.523268226092045,41.371,10338597.509969423,379536.1016466632
5134,NETIA S.A.,Warsaw,2019-05-17T18:02:15.890556,1.7459727964198444,39.698,9518402.815393684,3729029.6064938186
5134,NETIA S.A.,Warsaw,2019-05-17T19:02:16.779421,2.051125829084017,38.051,11720574.397846857,2839074.62101512
5134,NETIA S.A.,Warsaw,2019-05-17T20:02:16.130194,2.051125829084017,43.036,8241583.802519898,2852002.856579429
5134,NETIA S.A.,Warsaw,2019-05-17T21:02:17.050257,4.639442724429602,44.598,12689205.340008343,3713600.9776715348
5134,NETIA S.A.,Warsaw,2019-05-17T22:02:06.525213,0.523268226092045,37.999,13459725.74996011,4017058.169528246
5134,NETIA S.A.,Warsaw,2019-05-17T23:02:15.797200,2.051125829084017,36.403,13842098.121007683,3801403.168903641
5134,NETIA S.A.,Warsaw,2019-05-18T00:02:16.878066,2.051125829084017,31.378,13488372.283235092,3739734.1046593655
5134,NETIA S.A.,Warsaw,2019-05-18T01:02:15.082647,2.0495705878425583,34.714,14442470.241178975,4268173.19995758
5134,NETIA S.A.,Warsaw,2019-05-18T02:02:16.261860,1.7459727964198444,36.348,14054093.558805872,3732747.5333542884
5134,NETIA S.A.,Warsaw,2019-05-18T03:02:14.599447,2.157933322624984,53.027,1813916.0541488635,3718460.093656772
5134,NETIA S.A.,Warsaw,2019-05-18T04:02:15.311840,2.051125829084017,43.092,6339717.511587098,3755384.388605253
5134,NETIA S.A.,Warsaw,2019-05-18T05:02:15.142717,1.973179610020097,34.4,5356747.350474927,3766280.6744829374
5134,NETIA S.A.,Warsaw,2019-05-18T06:02:19.542152,2.051125829084017,39.747,11639690.043141875,3763432.894132851
5134,NETIA S.A.,Warsaw,2019-05-18T07:02:21.501557,0.523268226092045,40.121,13752071.717063101,3692408.5840321137
5134,NETIA S.A.,Warsaw,2019-05-18T08:02:16.038232,2.051125829084017,40.809,13020004.053170625,3755718.2036573435
5134,NETIA S.A.,Warsaw,2019-05-18T09:02:15.331027,2.0495705878425583,45.48,12305703.311941868,3893212.529993328
5134,NETIA S.A.,Warsaw,2019-05-18T10:02:17.163012,2.051125829084017,46.413,9223340.375311166,3722421.909297014
5134,NETIA S.A.,Warsaw,2019-05-18T11:02:15.245261,0.523268226092045,43.907,12452675.812197099,3754958.1154168686
5134,NETIA S.A.,Warsaw,2019-05-18T12:02:29.973715,2.157933322624984,41.708,12616158.791036537,3710034.0522388867
5134,NETIA S.A.,Warsaw,2019-05-18T13:02:06.458703,2.0495705878425583,36.369,2050166.651309454,258692.9628108153
Cannot retrieve speedtest configuration
Cannot retrieve speedtest configuration
Cannot retrieve speedtest configuration
Cannot retrieve speedtest configuration
Cannot retrieve speedtest configuration
Cannot retrieve speedtest configuration
Cannot retrieve speedtest configuration
Cannot retrieve speedtest configuration
Cannot retrieve speedtest configuration
Cannot retrieve speedtest configuration
Cannot retrieve speedtest configuration
Cannot retrieve speedtest configuration
Cannot retrieve speedtest configuration
Cannot retrieve speedtest configuration
Cannot retrieve speedtest configuration
Cannot retrieve speedtest configuration
Cannot retrieve speedtest configuration
Cannot retrieve speedtest configuration
Cannot retrieve speedtest configuration
Cannot retrieve speedtest configuration
Cannot retrieve speedtest configuration
Cannot retrieve speedtest configuration
Cannot retrieve speedtest configuration
Cannot retrieve speedtest configuration
Cannot retrieve speedtest configuration
Cannot retrieve speedtest configuration
Cannot retrieve speedtest configuration
Cannot retrieve speedtest configuration
Cannot retrieve speedtest configuration
Cannot retrieve speedtest configuration
Cannot retrieve speedtest configuration
Cannot retrieve speedtest configuration
Cannot retrieve speedtest configuration
Cannot retrieve speedtest configuration
Cannot retrieve speedtest configuration
Cannot retrieve speedtest configuration
5134,NETIA S.A.,Warsaw,2019-05-20T02:02:20.439329,3.0664974931742597,48.816,9341343.744637469,403842.04374206084
5134,NETIA S.A.,Warsaw,2019-05-20T03:02:16.422950,2.0495705878425583,48.01,11107506.477650361,4095799.315624495
5134,NETIA S.A.,Warsaw,2019-05-20T04:02:18.192497,2.0495705878425583,54.158,6908797.41923744,3750322.80813182
5134,NETIA S.A.,Warsaw,2019-05-20T05:02:15.874089,2.0495705878425583,41.495,10464691.414173521,3765881.1319247293
5134,NETIA S.A.,Warsaw,2019-05-20T06:02:19.499221,3.1873085458989094,49.708,11222824.042131286,3724660.314578728
5134,NETIA S.A.,Warsaw,2019-05-20T07:02:19.080035,2.0495705878425583,50.056,9254318.045469178,2823695.154043257
5134,NETIA S.A.,Warsaw,2019-05-20T08:02:05.895795,2.051125829084017,43.829,6498930.068351265,3726127.9279836384
5134,NETIA S.A.,Warsaw,2019-05-20T09:02:14.932043,1.8100958142843826,51.407,10311890.49818029,3719515.960542339
5134,NETIA S.A.,Warsaw,2019-05-20T10:02:16.116282,2.0495705878425583,51.403,5033487.187172279,2829966.5281317797
5134,NETIA S.A.,Warsaw,2019-05-20T11:02:14.884562,2.0495705878425583,55.966,9945401.256952442,2829828.5578882517
5134,NETIA S.A.,Warsaw,2019-05-20T12:02:22.570273,2.051125829084017,54.709,9317946.40675775,3719925.720774189
5134,NETIA S.A.,Warsaw,2019-05-20T13:02:27.192502,2.051125829084017,49.708,10639558.506711219,3813366.483925149
5134,NETIA S.A.,Warsaw,2019-05-20T14:02:15.746378,2.051125829084017,47.981,5828458.346532131,2838722.7290373705
5134,NETIA S.A.,Warsaw,2019-05-20T15:02:15.719973,2.0495705878425583,53.076,8702842.157477131,3464790.0626523215
5134,NETIA S.A.,Warsaw,2019-05-20T16:02:16.581237,2.0495705878425583,51.823,8205917.998214831,2763477.8904659236
5134,NETIA S.A.,Warsaw,2019-05-20T17:02:17.011631,2.0495705878425583,54.688,7274439.084968262,3711532.038570326
5134,NETIA S.A.,Warsaw,2019-05-20T18:02:15.245409,2.0495705878425583,49.159,8051526.761145887,2820512.6111231814
5134,NETIA S.A.,Warsaw,2019-05-20T19:02:15.921289,3.0664974931742597,59.744,8245996.373471834,2736956.338901071
5134,NETIA S.A.,Warsaw,2019-05-20T20:02:27.389815,3.0664974931742597,49.846,9274717.231107427,3711624.767540078
5134,NETIA S.A.,Warsaw,2019-05-20T21:02:16.124017,2.051125829084017,46.357,10351271.64106985,3759672.697455849
5134,NETIA S.A.,Warsaw,2019-05-20T22:02:15.814775,3.1873085458989094,48.519,6236466.881702191,3688314.0958749834
5134,NETIA S.A.,Warsaw,2019-05-20T23:02:15.256314,3.0664974931742597,50.716,12583439.944655959,3870109.236245363
5134,NETIA S.A.,Warsaw,2019-05-21T00:02:16.244169,2.0495705878425583,43.085,12321338.12429087,3753707.028017888
5134,NETIA S.A.,Warsaw,2019-05-21T01:02:16.113229,3.0664974931742597,43.84,12653282.63900062,4326996.762040192
5134,NETIA S.A.,Warsaw,2019-05-21T02:02:16.840485,3.1873085458989094,42.978,13600086.599523861,3820868.0051572486
5134,NETIA S.A.,Warsaw,2019-05-21T03:02:15.872725,3.0664974931742597,53.071,12181686.660460418,3904055.097817383
5134,NETIA S.A.,Warsaw,2019-05-21T04:02:16.294514,2.0495705878425583,48.059,14083169.54136955,3636913.8227407373
5134,NETIA S.A.,Warsaw,2019-05-21T05:02:15.683753,1.8100958142843826,43.156,13814915.179393204,3757331.500937787
5134,NETIA S.A.,Warsaw,2019-05-21T06:02:16.099696,2.051125829084017,51.416,12571724.636662992,382911.79383516405
5134,NETIA S.A.,Warsaw,2019-05-21T07:02:17.907998,2.051125829084017,54.663,12442139.919781035,3712509.0657989266
5134,NETIA S.A.,Warsaw,2019-05-21T08:02:13.761556,2.0495705878425583,48.099,10317611.649253743,3766289.3276058594
5134,NETIA S.A.,Warsaw,2019-05-21T09:02:16.355416,2.051125829084017,49.925,9951630.087879566,3663055.51994391
5134,NETIA S.A.,Warsaw,2019-05-21T10:02:16.254129,2.051125829084017,47.229,11334062.943602499,3676117.73566498
5134,NETIA S.A.,Warsaw,2019-05-21T11:02:14.642999,1.8100958142843826,53.76,10635519.209766982,3733623.081750667
5134,NETIA S.A.,Warsaw,2019-05-21T12:02:16.642604,2.0495705878425583,51.353,12232702.253417628,3724120.347942654
5134,NETIA S.A.,Warsaw,2019-05-21T13:02:15.647073,2.0495705878425583,44.683,9517818.4617864,3371208.5743874637
5134,NETIA S.A.,Warsaw,2019-05-21T14:02:15.078133,2.051125829084017,49.725,11335798.868276373,3756442.573154168
5134,NETIA S.A.,Warsaw,2019-05-21T15:02:15.751330,2.0495705878425583,53.011,9957680.910008552,3761918.506060277
5134,NETIA S.A.,Warsaw,2019-05-21T16:02:15.079306,2.0495705878425583,59.565,10682873.996343717,3804781.741749471
5134,NETIA S.A.,Warsaw,2019-05-21T17:02:18.346251,2.0495705878425583,49.695,10636363.391486758,3779808.9571750155
5134,NETIA S.A.,Warsaw,2019-05-21T18:02:17.608918,2.0495705878425583,44.707,8025151.064361552,3787985.7880997397
5134,NETIA S.A.,Warsaw,2019-05-21T19:02:27.587215,2.0495705878425583,46.414,7233143.111198037,2870465.2564889574
5134,NETIA S.A.,Warsaw,2019-05-21T20:02:27.296065,2.0495705878425583,49.228,8627830.560078338,358337.3543479888
5134,NETIA S.A.,Warsaw,2019-05-21T21:02:15.866425,2.0495705878425583,51.372,10558632.960018774,3970009.194102588
5134,NETIA S.A.,Warsaw,2019-05-21T22:02:15.273021,2.0495705878425583,49.713,12090063.442832882,3941826.066213463
5134,NETIA S.A.,Warsaw,2019-05-21T23:02:16.494004,3.0664974931742597,56.381,11941268.427647995,3776804.9616490467
5134,NETIA S.A.,Warsaw,2019-05-22T00:02:15.957910,2.0495705878425583,59.528,12155415.876134772,3733245.227332643
5134,NETIA S.A.,Warsaw,2019-05-22T01:02:15.806578,2.0495705878425583,50.533,12493008.122993326,4032257.1763519235
5134,NETIA S.A.,Warsaw,2019-05-22T02:02:21.986857,2.0495705878425583,60.211,13427595.374878708,3930917.9080043547
5134,NETIA S.A.,Warsaw,2019-05-22T03:02:18.206891,2.0495705878425583,48.536,12461910.148337524,3759489.671431942
5134,NETIA S.A.,Warsaw,2019-05-22T04:02:21.625935,2.0495705878425583,55.803,12064463.414029708,3751149.1449310146
5134,NETIA S.A.,Warsaw,2019-05-22T05:02:15.488223,2.0495705878425583,50.117,10818234.011214776,3697590.108608835
5134,NETIA S.A.,Warsaw,2019-05-22T06:02:15.776234,2.051125829084017,58.765,10433881.577872908,3712528.417290872
5134,NETIA S.A.,Warsaw,2019-05-22T07:02:18.138880,2.0495705878425583,53.502,11090403.202605108,3693329.3543300554
5134,NETIA S.A.,Warsaw,2019-05-22T08:02:17.093671,2.051125829084017,156.036,1669165.4465120612,3699213.3250209857
3702,LNET,Lodz,2019-05-22T09:02:23.217149,47.663261704607784,109.765,9382159.635682303,3685547.371513304
5134,NETIA S.A.,Warsaw,2019-05-22T10:02:15.899163,2.0495705878425583,45.94,8338822.179707674,3699032.093561477
14781,Powszechna Agencja Informacyjna S.A.,Warszawa,2019-05-22T11:02:25.650568,1.9582021294304137,80.872,9424921.754883753,3663482.923849111
5134,NETIA S.A.,Warsaw,2019-05-22T12:02:17.638371,2.0495705878425583,50.177,8174648.011696009,370552.7019320369
5134,NETIA S.A.,Warsaw,2019-05-22T13:02:14.991643,2.0495705878425583,44.54,11086524.455307992,3750522.317691785
5134,NETIA S.A.,Warsaw,2019-05-22T14:02:20.854499,2.0495705878425583,48.507,10574719.80213199,3784859.172706498
5134,NETIA S.A.,Warsaw,2019-05-22T15:02:17.737094,2.051125829084017,63.486,10721491.007584069,3821456.4555892507
5134,NETIA S.A.,Warsaw,2019-05-22T16:02:22.690227,2.0495705878425583,53.468,10756934.196788656,3802214.9925414305
5134,NETIA S.A.,Warsaw,2019-05-22T17:02:17.156210,3.0664974931742597,48.501,6943162.944928814,2823348.4297835743
5134,NETIA S.A.,Warsaw,2019-05-22T18:02:40.829482,1.8100958142843826,58.516,9417919.194772849,3700287.1550672944
5134,NETIA S.A.,Warsaw,2019-05-22T19:02:19.490843,3.0664974931742597,62.988,10138482.767618658,3700309.3369554137
5134,NETIA S.A.,Warsaw,2019-05-22T20:02:28.934840,2.0495705878425583,50.161,10526075.06898667,3730408.02017707
5134,NETIA S.A.,Warsaw,2019-05-22T21:02:18.359264,2.0495705878425583,56.839,11949908.625105465,3732923.291384153
5134,NETIA S.A.,Warsaw,2019-05-22T22:02:15.768338,2.0495705878425583,56.005,13604356.255404381,3754531.2178256223
5134,NETIA S.A.,Warsaw,2019-05-22T23:02:45.419322,2.0495705878425583,50.813,13791088.496552682,3864201.4743327876
5134,NETIA S.A.,Warsaw,2019-05-23T00:02:16.221686,2.0495705878425583,61.863,11849217.331979565,4234758.874736282
18199,Vectra S.A,Warszawa,2019-05-23T01:02:21.238535,2.0495705878425583,74.257,12785070.836264681,4126972.4152899897
5134,NETIA S.A.,Warsaw,2019-05-23T02:02:24.650574,3.0664974931742597,41.485,13481120.16817459,4483856.758107708
5134,NETIA S.A.,Warsaw,2019-05-23T03:02:25.508398,3.1873085458989094,43.299,12494317.90830944,4443243.027271663
5134,NETIA S.A.,Warsaw,2019-05-23T04:02:22.280104,2.0495705878425583,48.493,9602783.478201076,4058154.0905356943
5134,NETIA S.A.,Warsaw,2019-05-23T05:02:32.472527,2.0495705878425583,58.477,7081244.7692203745,3729196.3979243655
14781,Powszechna Agencja Informacyjna S.A.,Warszawa,2019-05-23T06:02:29.670781,2.941686527189354,85.1,11882.39437464631,66539.66701241893
338,Skynet DC,Warsaw,2019-05-23T07:02:18.930636,2.0495705878425583,80.915,8453.734780209095,91790.03803809603
5134,NETIA S.A.,Warsaw,2019-05-23T08:02:18.115765,2.051125829084017,50.214,12614.521910017635,95080.97819677707
5134,NETIA S.A.,Warsaw,2019-05-23T09:02:22.000448,1.8100958142843826,43.508,9806.95741224961,87276.30767124667
5134,NETIA S.A.,Warsaw,2019-05-23T10:02:18.701499,2.0495705878425583,52.684,10063.599750290392,67505.34426680965
338,Skynet DC,Warsaw,2019-05-23T11:02:21.501920,2.0495705878425583,94.234,6484.935662474722,85600.26029999065
5134,NETIA S.A.,Warsaw,2019-05-23T12:02:25.991667,3.1873085458989094,56.865,11208.643994608457,111809.71858240584
5134,NETIA S.A.,Warsaw,2019-05-23T13:02:19.076366,2.051125829084017,48.519,12164.926240677694,71317.63524197329
5134,NETIA S.A.,Warsaw,2019-05-23T14:02:18.822544,3.1873085458989094,120.874,7054.35755829662,90999.20588419224
5134,NETIA S.A.,Warsaw,2019-05-23T15:02:21.702022,1.8100958142843826,53.818,9286.484168836108,100984.57250555203
5134,NETIA S.A.,Warsaw,2019-05-23T16:02:22.282183,2.051125829084017,46.719,9649.425782151451,91024.19437866681
5134,NETIA S.A.,Warsaw,2019-05-23T17:02:22.632662,1.8100958142843826,49.822,11013.73412889114,66386.68593476326
18199,Vectra S.A,Warszawa,2019-05-23T18:02:17.017104,2.0495705878425583,84.237,5987.731829650695,135436.17260109234
5134,NETIA S.A.,Warsaw,2019-05-23T19:02:17.612229,2.0495705878425583,61.816,9025.936675199284,85453.8804786472
5134,NETIA S.A.,Warsaw,2019-05-23T20:02:26.358350,2.0495705878425583,51.812,10834.364130237363,90603.38295989478
5134,NETIA S.A.,Warsaw,2019-05-23T21:02:21.872648,2.0495705878425583,50.997,10567.711796580046,81161.52456963227
5134,NETIA S.A.,Warsaw,2019-05-23T22:02:19.252632,3.0664974931742597,43.499,14089.731373152646,69933.18548594283
5134,NETIA S.A.,Warsaw,2019-05-23T23:02:27.213497,2.0495705878425583,53.988,12499.266851302664,100438.13616514295
5134,NETIA S.A.,Warsaw,2019-05-24T00:02:18.783668,3.0664974931742597,56.862,11195.307239018111,74654.00037911203
5134,NETIA S.A.,Warsaw,2019-05-24T01:02:17.009876,3.0664974931742597,45.441,11525.390714502963,100959.26319651997
14781,Powszechna Agencja Informacyjna S.A.,Warszawa,2019-05-24T02:02:24.073574,2.941686527189354,106.693,10310.695603052001,108253.61617168851
5134,NETIA S.A.,Warsaw,2019-05-24T03:02:22.644140,3.1873085458989094,53.514,6334.639614058959,61859.127648834154
5134,NETIA S.A.,Warsaw,2019-05-24T04:02:18.984303,2.051125829084017,45.179,11110.85847567756,115368.03827890965
5134,NETIA S.A.,Warsaw,2019-05-24T05:02:17.274216,2.051125829084017,51.274,10131.347223993163,92776.45743181731
8123,S-Net Sp. z o.o.,Krakow,2019-05-24T06:02:16.684155,5.15376192424695,118.933,10801.211205996164,84940.88996173197
14781,Powszechna Agencja Informacyjna S.A.,Warszawa,2019-05-24T07:02:20.633982,1.9582021294304137,78.422,6895.97144516237,102662.41448154302
5134,NETIA S.A.,Warsaw,2019-05-24T08:02:20.594106,2.051125829084017,55.917,11351.40684998528,75012.76348123384
1958,F.H.U. Compower,Krakow,2019-05-24T09:02:14.555193,5.15376192424695,83.119,6839.1278616437085,67747.7185166458
5134,NETIA S.A.,Warsaw,2019-05-24T10:02:18.288871,2.051125829084017,53.501,13176.986343901675,98295.18150660639
5134,NETIA S.A.,Warsaw,2019-05-24T11:02:24.293360,2.0495705878425583,56.848,8978.162926364079,93259.63057091474
5134,NETIA S.A.,Warsaw,2019-05-24T12:02:18.224374,2.051125829084017,78.706,9965.20384993327,68095.90550531149
5134,NETIA S.A.,Warsaw,2019-05-24T13:02:21.473646,2.0495705878425583,50.186,10259.277249912313,88940.7040133889
5134,NETIA S.A.,Warsaw,2019-05-24T14:02:19.284940,2.051125829084017,51.347,10494.328115455226,96074.2983260728
5134,NETIA S.A.,Warsaw,2019-05-24T15:02:19.435845,2.051125829084017,48.503,11674.874150286267,87150.33312127372
5134,NETIA S.A.,Warsaw,2019-05-24T16:02:27.585596,2.051125829084017,55.97,13563.169370498754,93518.50451586259
5134,NETIA S.A.,Warsaw,2019-05-24T17:02:19.585152,2.051125829084017,81.861,6215.394090551493,66081.14861984557
338,Skynet DC,Warsaw,2019-05-24T18:02:17.386275,2.051125829084017,85.821,10444.775010557834,120545.6259993805
5134,NETIA S.A.,Warsaw,2019-05-24T19:02:22.465640,2.051125829084017,73.318,9807.484931402529,81715.4006694381
5134,NETIA S.A.,Warsaw,2019-05-24T20:02:21.151541,2.051125829084017,68.497,8670.624799230567,96773.48117407077
18199,Vectra S.A,Warszawa,2019-05-24T21:02:19.535924,2.0495705878425583,75.941,11128.61322269614,86013.7385334509
18199,Vectra S.A,Warszawa,2019-05-24T22:02:17.179837,2.0495705878425583,79.275,6726.83398912633,70280.43147420387
5134,NETIA S.A.,Warsaw,2019-05-24T23:02:46.567141,2.0495705878425583,60.16,7198.333729757976,69888.46616531412
5134,NETIA S.A.,Warsaw,2019-05-25T00:02:16.907542,2.051125829084017,48.504,8930.32880962125,74988.24786778996
5134,NETIA S.A.,Warsaw,2019-05-25T01:02:16.664084,2.051125829084017,53.019,12320.107503676698,104057.17500145886
5134,NETIA S.A.,Warsaw,2019-05-25T02:02:21.514088,2.0495705878425583,58.516,14467247.134882998,4276174.654948903
5134,NETIA S.A.,Warsaw,2019-05-25T03:02:14.933730,2.0495705878425583,63.457,14200456.856346102,3729045.2573776054
338,Skynet DC,Warsaw,2019-05-25T04:02:16.358705,4.158769932589895,80.933,13993609.278717581,4099753.85293808
5134,NETIA S.A.,Warsaw,2019-05-25T05:02:21.342106,2.498517850970263,63.484,14395038.799384587,4017009.4608879243
5134,NETIA S.A.,Warsaw,2019-05-25T06:02:19.402295,2.051125829084017,71.648,10717199.81038834,2855068.759579445
5134,NETIA S.A.,Warsaw,2019-05-25T07:02:19.467273,2.051125829084017,63.805,14120586.097329387,3711604.549936841
5134,NETIA S.A.,Warsaw,2019-05-25T08:02:14.816214,2.051125829084017,66.816,12607845.996126596,3734698.1943621514
5134,NETIA S.A.,Warsaw,2019-05-25T09:02:22.125564,2.051125829084017,61.827,8920970.990949573,3697620.7294799723
5134,NETIA S.A.,Warsaw,2019-05-25T10:02:15.317136,2.051125829084017,59.4,12611255.185246093,3756365.4730750853
5134,NETIA S.A.,Warsaw,2019-05-25T11:02:19.228293,4.158769932589895,82.578,8364979.99943127,3711251.259942133
5134,NETIA S.A.,Warsaw,2019-05-25T12:02:21.609060,2.498517850970263,60.167,10906899.16817376,3836425.982845117
5134,NETIA S.A.,Warsaw,2019-05-25T13:02:27.148629,2.0495705878425583,65.199,11870398.81467511,3723641.2704154113
5134,NETIA S.A.,Warsaw,2019-05-25T14:02:14.981317,2.051125829084017,60.185,12707767.495819282,3749795.314867618
5134,NETIA S.A.,Warsaw,2019-05-25T15:02:20.478176,2.051125829084017,55.16,12723727.04871128,3584677.5329993363
5134,NETIA S.A.,Warsaw,2019-05-25T16:02:22.111023,2.498517850970263,68.492,11269706.037168605,3731965.020965564
5134,NETIA S.A.,Warsaw,2019-05-25T17:02:20.483821,2.051125829084017,66.847,8175408.1862602215,3717508.605082621
5134,NETIA S.A.,Warsaw,2019-05-25T18:02:14.391808,2.051125829084017,71.632,12474215.370972129,3719219.92599446
5134,NETIA S.A.,Warsaw,2019-05-25T19:02:19.660157,2.051125829084017,58.493,11667529.873257348,3727476.712133336
5134,NETIA S.A.,Warsaw,2019-05-25T20:02:16.841347,2.498517850970263,83.669,4747307.265137785,2772923.518110928
18199,Vectra S.A,Warszawa,2019-05-25T21:02:16.112744,2.498517850970263,91.64,12143757.164826885,3749077.327203078
21097,Aplitt Sp. z o.o.,Gdansk,2019-05-25T22:02:12.560336,1.177479528790266,102.584,12994464.20735517,3799580.6723000584
5134,NETIA S.A.,Warsaw,2019-05-25T23:02:20.002707,2.051125829084017,55.145,14445951.517265288,4113450.8336561644
5134,NETIA S.A.,Warsaw,2019-05-26T00:02:28.083226,2.051125829084017,58.468,14237579.999897232,3727837.4428356625
5134,NETIA S.A.,Warsaw,2019-05-26T01:02:15.521995,2.051125829084017,55.968,14421292.592831051,4063221.985571557
5134,NETIA S.A.,Warsaw,2019-05-26T02:02:19.723763,2.051125829084017,66.833,14437784.338291822,3723391.360806628
5134,NETIA S.A.,Warsaw,2019-05-26T03:02:35.881401,2.051125829084017,72.103,14395792.446676245,3780144.1485775188
5134,NETIA S.A.,Warsaw,2019-05-26T04:02:26.426646,2.0495705878425583,65.174,10217486.825415831,3732916.637781924
5134,NETIA S.A.,Warsaw,2019-05-26T05:02:26.561204,2.0495705878425583,63.125,14423293.644277753,3878577.3929868336
5134,NETIA S.A.,Warsaw,2019-05-26T06:02:15.498438,4.158769932589895,70.161,8258749.048926297,3660297.073163617
5134,NETIA S.A.,Warsaw,2019-05-26T07:02:19.100770,2.051125829084017,56.3,8404569.221472453,3649079.2803318817
5134,NETIA S.A.,Warsaw,2019-05-26T08:02:35.363156,2.0495705878425583,64.771,12117260.60713202,2841974.3203135915
5134,NETIA S.A.,Warsaw,2019-05-26T09:02:25.924580,0.8435838253573189,70.264,11759679.624353867,3711318.2013520305
5134,NETIA S.A.,Warsaw,2019-05-26T10:02:20.091977,2.0495705878425583,61.838,10567997.588860832,3800824.897875252
5134,NETIA S.A.,Warsaw,2019-05-26T11:02:20.692425,2.0495705878425583,57.568,11197553.554273391,2866503.5672855703
5134,NETIA S.A.,Warsaw,2019-05-26T12:02:20.766026,0.5214453194850399,56.384,11340525.72053293,3721709.7767736074
5134,NETIA S.A.,Warsaw,2019-05-26T13:02:18.002116,2.051125829084017,63.505,9829233.107295454,3766254.1723724715
21097,Aplitt Sp. z o.o.,Gdansk,2019-05-26T14:02:19.986666,1.177479528790266,101.332,8156408.94229996,2862767.9122872287
5134,NETIA S.A.,Warsaw,2019-05-26T15:02:19.763739,4.158769932589895,61.832,9184092.274697552,2835771.60136121
5134,NETIA S.A.,Warsaw,2019-05-26T16:02:16.659179,0.5214453194850399,63.469,10752322.775698155,3701756.7154739136
5134,NETIA S.A.,Warsaw,2019-05-26T17:02:32.623412,2.051125829084017,65.122,8690867.067727812,3712701.0782004725
5134,NETIA S.A.,Warsaw,2019-05-26T18:02:20.264840,2.051125829084017,65.153,10372840.603061566,3700997.963886956
5134,NETIA S.A.,Warsaw,2019-05-26T19:02:28.583455,4.158769932589895,68.537,9032351.874881119,3709942.74690476
5134,NETIA S.A.,Warsaw,2019-05-26T20:02:28.057589,2.051125829084017,63.376,9767433.72390247,3730541.709009839
18199,Vectra S.A,Warszawa,2019-05-26T21:02:26.616701,2.0495705878425583,78.817,12868203.517263945,3917527.9227058003
5134,NETIA S.A.,Warsaw,2019-05-26T22:02:21.026713,2.051125829084017,69.24,1758647.8065855848,3733139.229493899
18199,Vectra S.A,Warszawa,2019-05-26T23:02:18.772712,2.0495705878425583,80.963,13846081.909295674,279509.8830153563
5134,NETIA S.A.,Warsaw,2019-05-27T00:02:14.837443,2.051125829084017,60.133,14612518.474350847,4141385.393742431
338,Skynet DC,Warsaw,2019-05-27T01:02:18.894897,2.051125829084017,89.255,7729131.593543728,4061203.5615318543
5134,NETIA S.A.,Warsaw,2019-05-27T02:02:28.838698,2.051125829084017,58.507,3838994.4911024165,4183620.1265711896
5134,NETIA S.A.,Warsaw,2019-05-27T03:02:15.255007,2.051125829084017,61.848,11164552.807500044,3712600.4765718943
5134,NETIA S.A.,Warsaw,2019-05-27T04:02:19.739556,4.158769932589895,55.191,10741419.362156406,3789924.622189299
5134,NETIA S.A.,Warsaw,2019-05-27T05:02:20.429967,2.051125829084017,63.5,8506149.966654152,3666934.9465931123
5134,NETIA S.A.,Warsaw,2019-05-27T06:02:21.591958,0.5214453194850399,67.756,10593102.64722626,3741835.9667705847
5134,NETIA S.A.,Warsaw,2019-05-27T07:02:19.204703,2.051125829084017,61.729,9954269.419473726,3722791.2734175264
5134,NETIA S.A.,Warsaw,2019-05-27T08:02:09.980463,2.051125829084017,61.865,11730620.718416087,3779983.0974140842
5134,NETIA S.A.,Warsaw,2019-05-27T09:02:14.567510,0.5214453194850399,68.543,10110199.603614818,2862597.7974677845
5134,NETIA S.A.,Warsaw,2019-05-27T10:02:19.764972,2.051125829084017,64.672,11818064.090487437,3762979.955224178
5134,NETIA S.A.,Warsaw,2019-05-27T11:02:20.625209,2.051125829084017,70.177,10990409.616208848,3731834.159149037
5134,NETIA S.A.,Warsaw,2019-05-27T12:02:10.670756,2.051125829084017,66.858,10542451.88303772,3706744.109467306
5134,NETIA S.A.,Warsaw,2019-05-27T13:02:28.186203,0.8435838253573189,63.338,4386210.82108564,2839456.4893491385
5134,NETIA S.A.,Warsaw,2019-05-27T14:02:17.944836,0.5214453194850399,58.28,11052810.805982914,3688908.3788847122
5134,NETIA S.A.,Warsaw,2019-05-27T15:02:16.488432,2.051125829084017,55.17,10315583.995659392,3671022.2116958154
5134,NETIA S.A.,Warsaw,2019-05-27T16:02:23.409388,2.051125829084017,71.821,6833727.5051560905,3709052.6967104347
5134,NETIA S.A.,Warsaw,2019-05-27T17:02:18.676577,2.051125829084017,71.841,1618495.8294209568,3744299.929677761
21097,Aplitt Sp. z o.o.,Gdansk,2019-05-27T18:02:20.672445,1.177479528790266,105.318,8358162.401373778,3711566.571167977
5134,NETIA S.A.,Warsaw,2019-05-27T19:02:15.039944,0.8435838253573189,61.865,10144266.652779346,3833659.6527482085
Cannot retrieve speedtest configuration
Cannot retrieve speedtest configuration
Cannot retrieve speedtest configuration
Cannot retrieve speedtest configuration
Cannot retrieve speedtest configuration
Cannot retrieve speedtest configuration
Cannot retrieve speedtest configuration
Cannot retrieve speedtest configuration
Cannot retrieve speedtest configuration
Cannot retrieve speedtest configuration
Cannot retrieve speedtest configuration
Cannot retrieve speedtest configuration
Cannot retrieve speedtest configuration
Cannot retrieve speedtest configuration
Cannot retrieve speedtest configuration
Cannot retrieve speedtest configuration
Cannot retrieve speedtest configuration
Cannot retrieve speedtest configuration
Cannot retrieve speedtest configuration
Cannot retrieve speedtest configuration
Cannot retrieve speedtest configuration
Cannot retrieve speedtest configuration
Cannot retrieve speedtest configuration
Cannot retrieve speedtest configuration
Cannot retrieve speedtest configuration
Cannot retrieve speedtest configuration
Cannot retrieve speedtest configuration
Cannot retrieve speedtest configuration
Cannot retrieve speedtest configuration
Cannot retrieve speedtest configuration
Cannot retrieve speedtest configuration
Cannot retrieve speedtest configuration
Cannot retrieve speedtest configuration
Cannot retrieve speedtest configuration
Cannot retrieve speedtest configuration
Cannot retrieve speedtest configuration
Cannot retrieve speedtest configuration
Cannot retrieve speedtest configuration
Cannot retrieve speedtest configuration
Cannot retrieve speedtest configuration
Cannot retrieve speedtest configuration
Cannot retrieve speedtest configuration
Cannot retrieve speedtest configuration
Cannot retrieve speedtest configuration
Cannot retrieve speedtest configuration
Cannot retrieve speedtest configuration
Cannot retrieve speedtest configuration
Cannot retrieve speedtest configuration
Cannot retrieve speedtest configuration
